No;Parcela;DAP;AB.m;Biomasa;AB.ha;Biomasa.ha
3;1A;4,042535555;0,001283505;3,208073481;0,128350504;320,8073481
5;1A;2,005352283;0,000315843;0,567434595;0,031584298;56,74345955
7;1A;3,819718634;0,001145916;2,788702408;0,114591559;278,8702408
13;1A;2,832957987;0,000630333;1,332563824;0,063033315;133,2563824
20;1A;2,037183272;0,000325949;0,589951118;0,032594932;58,99511179
22;1A;4,456338407;0,001559718;4,081574133;0,155971844;408,1574133
23;1A;4,870141259;0,001862829;5,082973415;0,186282903;508,2973415
25;1A;2,641972055;0,000548209;1,121469015;0,05482092;112,1469015
29;1A;2,037183272;0,000325949;0,589951118;0,032594932;58,99511179
31;1A;3,023943919;0,000718187;1,565670401;0,071818668;156,5670401
33;1A;2,06901426;0,000336215;0,612991168;0,033621482;61,29911676
35;1A;3,9152116;0,001203928;2,964154545;0,120392757;296,4154545
37;1A;4,233521486;0,001407646;3,595693935;0,140764589;359,5693935
39;1A;2,960281942;0,000688266;1,485479554;0,068826555;148,5479554
41;1A;9,326479665;0,006831646;25,31484092;0,136632927;506,2968184
43;1A;2,228169203;0,00038993;0,73617755;0,038992961;73,61775504
45;1A;21,70873424;0,037013392;204,1862544;0,740267838;4083,725088
47;1A;4,488169395;0,00158208;4,153992806;0,158207971;415,3992806
49;1A;1,84619734;0,000267699;0,462568319;0,026769861;46,25683189
51;1A;4,13802852;0,001344859;3,398594391;0,134485927;339,8594391
54;1A;4,965634224;0,001936597;5,332811038;0,193659735;533,2811038
58;1A;4,679155327;0,00171959;4,604542087;0,171958958;460,4542087
63;1A;3,819718634;0,001145916;2,788702408;0,114591559;278,8702408
65;1A;3,501408748;0,000962887;2,249192557;0,096288741;224,9192557
69;1A;2,005352283;0,000315843;0,567434595;0,031584298;56,74345955
71;1A;1,591549431;0,000198944;0,320553257;0,019894368;32,05532566
73;1A;1,496056465;0,000175787;0,275105403;0,017578663;27,51054029
75;1A;14,41943784;0,016330013;74,29574978;0,326600267;1485,914996
87;1A;1,878028328;0,000277009;0,482525904;0,027700918;48,25259045
88;1A;4,520000384;0,0016046;4,227170953;0,160460014;422,7170953
89;1A;2,005352283;0,000315843;0,567434595;0,031584298;56,74345955
90;1A;1,336901522;0,000140375;0,208350386;0,014037466;20,8350386
91;1A;5,092958179;0,002037183;5,677090139;0,040743665;113,5418028
93;1A;3,023943919;0,000718187;1,565670401;0,071818668;156,5670401
94;1A;1,750704374;0,000240722;0,405678058;0,024072185;40,56780579
95;1A;1,050422624;8,66599E-05;0,11481358;0,008665987;11,48135798
107;1A;2,76929601;0,000602322;1,259787764;0,060232188;125,9787764
108;1A;41,22113026;0,133453409;995,781172;2,669068184;19915,62344
109;1A;13,05070533;0,013376973;58,06764628;0,267539459;1161,352926
110;1A;1,814366351;0,000258547;0,443110541;0,025854721;44,31105406
111;1A;3,978873577;0,001243398;3,084678844;0,124339799;308,4678844
112;1A;18,52563538;0,026954799;137,9971152;0,539095989;2759,942305
113;1A;8,307888029;0,005420897;19,02234291;0,108417939;380,4468582
114;1A;1,241408556;0,000121037;0,173486608;0,012103733;17,34866083
115;1A;1,14591559;0,000103132;0,142353711;0,01031324;14,23537106
67I;1A;3,055774907;0,000733386;1,606710122;0,073338598;160,6710122
67II;1A;1,973521294;0,000305896;0,545437731;0,03058958;54,54377313
1;1B;7,543944303;0,004469787;14,98816535;0,08939574;299,7633071
2;1B;9,994930426;0,00784602;30,03713269;0,156920408;600,7426539
4;1B;11,4591559;0,01031324;42,10840508;0,206264806;842,1681015
6;1B;14,00563499;0,015406198;69,1380102;0,30812397;1382,760204
8;1B;25,56028386;0,05131227;305,7013982;1,026245397;6114,027964
9;1B;5,952394872;0,002782745;8,345760595;0,055654892;166,9152119
10;1B;11,17267701;0,009804024;39,55480042;0,196080481;791,0960083
11;1B;8,244226052;0,005338136;18,66418497;0,106762727;373,2836993
12;1B;10,3450713;0,00840537;32,70461927;0,168107409;654,0923854
14;1B;15,82000134;0,019656352;93,42044879;0,393127033;1868,408976
15;1B;5,252113122;0,002166497;6,125593015;0,043329933;122,5118603
16;1B;15,05605762;0,017803788;82,66605097;0,356075763;1653,321019
17;1B;17,63436769;0,024423599;122,1681342;0,488471985;2443,362685
18;1B;16,29746617;0,020860757;100,5428951;0,417215134;2010,857901
19;1B;12,35042358;0,011979911;50,66972026;0,239598218;1013,394405
21;1B;14,96056465;0,017578663;81,37652113;0,351573269;1627,530423
24;1B;8,880845825;0,00619439;22,4302079;0,123887799;448,604158
26;1B;8,817183847;0,0061059;22,03498819;0,122117996;440,6997638
27;1B;18,30281846;0,026310302;133,9320625;0,526206031;2678,641251
28;1B;15,02422663;0,017728587;82,23486643;0,354571748;1644,697329
30;1B;6,366197724;0,003183099;9,853497983;0,063661977;197,0699597
32;1B;9,931268449;0,007746389;29,56659514;0,154927788;591,3319029
34;1B;25,91042474;0,052727714;316,1536624;1,054554287;6323,073249
36;1B;24,44619926;0,046936703;273,8248683;0,938734052;5476,497365
40;1B;20,27633975;0,032290071;172,4939431;0,645801421;3449,878862
42;1B;9,549296586;0,007161972;26,83563851;0,143239449;536,7127703
44;1B;10,50422624;0,008665987;33,96200004;0,173319733;679,2400008
46;1B;7,957747155;0,004973592;17,10232181;0,099471839;342,0464362
48;1B;11,93662073;0,011190582;46,57754298;0,223811639;931,5508596
50;1B;12,79605742;0,012860038;55,30799181;0,257200754;1106,159836
52;1B;5,76140894;0,002607038;7,699616087;0,052140751;153,9923217
53;1B;5,315775099;0,002219336;6,310702585;0,044386722;126,2140517
55;1B;8,594366927;0,005801198;20,68450699;0,116023954;413,6901397
56;1B;10,09042339;0,007996661;30,75124828;0,159933211;615,0249655
57;1B;9,262817688;0,0067387;24,88999954;0,134773997;497,7999907
59;1B;8,721690881;0,005974358;21,44998306;0,119487165;428,9996611
60;1B;17,02957891;0,022777062;112,0746801;0,455541236;2241,493603
61;1B;7,098310462;0,003957308;12,89456303;0,079146162;257,8912606
62;1B;8,912676813;0,006238874;22,62938796;0,124777475;452,5877593
64;1B;6,68450761;0,003509366;11,11601669;0,07018733;222,3203337
66;1B;25,27380496;0,050168503;297,3046995;1,003370057;5946,093991
68;1B;10,75887415;0,009091249;36,03283883;0,181824973;720,6567765
70;1B;34,21831276;0,091961716;628,5728635;1,839234311;12571,45727
72;1B;18,87577625;0,027983338;144,5318162;0,559666766;2890,636324
74;1B;6,302535746;0,003119755;9,611806027;0,062395104;192,2361205
76;1B;8,371550007;0,005504294;19,38456088;0,110085883;387,6912175
77;1B;5,634084985;0,002493083;7,285967906;0,049861652;145,7193581
78;1B;12,44591655;0,012165883;51,64331123;0,243317669;1032,866225
79;1B;12,95521237;0,013181929;57,02339862;0,263638572;1140,467972
80;1B;16,83859298;0,022269039;108,9944234;0,445380784;2179,888468
81;1B;15,9473253;0,019974025;95,28934316;0,399480499;1905,786863
82;1B;5,570423008;0,00243706;7,084224752;0,048741201;141,684495
83;1B;8,339719018;0,005462516;19,20294348;0,109250319;384,0588695
84;1B;13,78281807;0,014919901;66,45182376;0,298398011;1329,036475
85;1B;14,64225476;0,016838593;77,16492081;0,33677186;1543,298416
86;1B;6,46169069;0,003279308;10,22275664;0,06558616;204,4551329
92;1B;9,994930426;0,00784602;30,03713269;0,156920408;600,7426539
96;1B;16,07464925;0,020294245;97,18031625;0,405884894;1943,606325
97;1B;6,270704758;0,003088322;9,492297861;0,061766442;189,8459572
98;1B;21,13577644;0,035085389;191,1272613;0,701707778;3822,545227
99;1B;9,485634608;0,007066798;26,39573145;0,141335956;527,9146291
100;1B;13,11436731;0,013507798;58,77008699;0,270155967;1175,40174
101;1B;16,13831123;0,020455309;98,13410822;0,40910619;1962,682164
102;1B;9,040000768;0,006418401;23,43661744;0,128368011;468,7323488
103;1B;17,22056484;0,023290814;115,2061742;0,465816279;2304,123485
104;1B;9,008169779;0,00637328;23,23323017;0,127465602;464,6646033
105;1B;29,41183348;0,067941335;432,4349168;1,358826707;8648,698335
106;1B;8,594366927;0,005801198;20,68450699;0,116023954;413,6901397
116;1B;10,88619811;0,009307699;37,09572136;0,186153988;741,9144273
117;1B;13,36901522;0,014037466;61,63030391;0,28074932;1232,606078
118;1B;11,23633898;0,009916069;40,11405907;0,198321383;802,2811815
119;1B;7,002817496;0,00385155;12,47015228;0,077030992;249,4030457
38I;1B;7,894085177;0,004894333;16,76622987;0,097886656;335,3245973
38II;1B;6,525352667;0,003344243;10,47343408;0,066884865;209,4686815
38III;1B;6,525352667;0,003344243;10,47343408;0,066884865;209,4686815
1;2A;10,50422624;0,008665987;33,96200004;0,173319733;679,2400008
2;2A;3,342253805;0,000877342;2,00495242;0,087734162;200,495242
3;2A;29,28450953;0,067354372;427,8238918;1,347087438;8556,477837
4;2A;18,39831142;0,02658556;135,6653693;0,5317112;2713,307387
5;2A;9,326479665;0,006831646;25,31484092;0,136632927;506,2968184
6;2A;2,705634033;0,000574947;1,189431616;0,057494723;118,9431616
7;2A;2,960281942;0,000688266;1,485479554;0,068826555;148,5479554
8;2A;19,73521294;0,03058958;161,3411609;0,611791601;3226,823218
9;2A;5,952394872;0,002782745;8,345760595;0,055654892;166,9152119
10;2A;1,814366351;0,000258547;0,443110541;0,025854721;44,31105406
11;2A;1,273239545;0,000127324;0,18468667;0,012732395;18,46866702
12;2A;2,196338215;0,000378868;0,710462919;0,037886834;71,04629191
13;2A;1,018591636;8,14873E-05;0,106407174;0,008148733;10,6407174
14;2A;1,527887454;0,000183346;0,289796016;0,018334649;28,97960157
15;2A;2,06901426;0,000336215;0,612991168;0,033621482;61,29911676
16;2A;14,03746598;0,015476306;69,52693224;0,309526125;1390,538645
17;2A;4,360845441;0,00149359;3,868849485;0,149358956;386,8849485
18;2A;2,06901426;0,000336215;0,612991168;0,033621482;61,29911676
19;2A;7,734930234;0,00469897;15,94330722;0,093979402;318,8661444
20;2A;3,055774907;0,000733386;1,606710122;0,073338598;160,6710122
21;2A;5,283944111;0,002192837;6,217737717;0,043856736;124,3547543
22;2A;18,78028328;0,027700918;142,7317641;0,554018357;2854,635282
23;2A;4,13802852;0,001344859;3,398594391;0,134485927;339,8594391
24;2A;15,91549431;0,019894368;94,82005293;0,397887358;1896,401059
25;2A;1,400563499;0,000154062;0,233731301;0,015406198;23,37313009
26;2A;8,912676813;0,006238874;22,62938796;0,124777475;452,5877593
27;2A;7,098310462;0,003957308;12,89456303;0,079146162;257,8912606
28;2A;2,005352283;0,000315843;0,567434595;0,031584298;56,74345955
29;2A;2,832957987;0,000630333;1,332563824;0,063033315;133,2563824
30;2A;2,76929601;0,000602322;1,259787764;0,060232188;125,9787764
31;2A;6,429859701;0,003247079;10,09877152;0,064941583;201,9754304
32;2A;6,843662553;0,003678469;11,78150433;0,073569372;235,6300866
33;2A;2,864788976;0,000644578;1,369867473;0,064457752;136,9867473
34;2A;2,419155135;0,000459639;0,902060569;0,045963948;90,20605689
35;2A;3,246760839;0,000827924;1,86636395;0,082792401;186,636395
36;2A;1,432394488;0,000161144;0,247077634;0,016114438;24,70776342
37;2A;5,252113122;0,002166497;6,125593015;0,043329933;122,5118603
38;2A;1,718873385;0,000232048;0,387695083;0,023204791;38,76950832
39;2A;5,124789168;0,002062728;5,765169129;0,041254553;115,3033826
40;2A;1,878028328;0,000277009;0,482525904;0,027700918;48,25259045
41;2A;1,591549431;0,000198944;0,320553257;0,019894368;32,05532566
42;2A;2,482817112;0,000484149;0,961858254;0,048414934;96,18582536
43;2A;1,050422624;8,66599E-05;0,11481358;0,008665987;11,48135798
44;2A;8,658028904;0,00588746;21,06517515;0,117749193;421,3035031
45;2A;1,655211408;0,000215177;0,353174692;0,021517748;35,31746918
46;2A;8,085071109;0,00513402;17,78645617;0,102680403;355,7291234
47;2A;5,220282133;0,002140316;6,034266147;0,042806313;120,6853229
48;2A;4,13802852;0,001344859;3,398594391;0,134485927;339,8594391
49;2A;2,641972055;0,000548209;1,121469015;0,05482092;112,1469015
50;2A;21,16760743;0,035191147;191,8393076;0,703822947;3836,786152
51;2A;1,114084602;9,74824E-05;0,132781463;0,00974824;13,27814633
52;2A;1,559718442;0,000191066;0,304943813;0,019106551;30,49438131
53;2A;1,14591559;0,000103132;0,142353711;0,01031324;14,23537106
54;2A;28,64788976;0,064457752;405,2085062;1,289155039;8104,170124
55;2A;1,305070533;0,00013377;0,196306293;0,013376973;19,63062933
56;2A;1,432394488;0,000161144;0,247077634;0,016114438;24,70776342
57;2A;2,705634033;0,000574947;1,189431616;0,057494723;118,9431616
58;2A;2,99211293;0,000703147;1,525261257;0,070314654;152,5261257
59;2A;2,928450953;0,000673544;1,446322139;0,067354372;144,6322139
60;2A;5,06112719;0,002011798;5,589817216;0,040235961;111,7963443
1;2B;31,7;0,078923876;520,3793869;1,578477521;10407,58774
2;2B;29,4;0,067886676;432,0051276;1,357733513;8640,102552
3;2B;34,3;0,092401309;632,2872418;1,848026171;12645,74484
4;2B;10,8;0,009160884;36,37414117;0,183217684;727,4828233
5;2B;24,6;0,047529155;278,1014785;0,950583105;5562,029571
6;2B;28,3;0,062901754;393,1578309;1,25803507;7863,156618
7;2B;11,1;0,009676891;38,92205202;0,193537815;778,4410403
8;2B;11,6;0,010568318;43,39886179;0,211366354;867,9772358
9;2B;12,5;0,012271846;52,19961385;0,245436926;1043,992277
10;2B;18,1;0,025730429;130,2945969;0,514608585;2605,891938
11;2B;24,3;0,046376976;269,7961514;0,927539523;5395,923028
12;2B;7,4;0,00430084;14,29138199;0,086016807;285,8276399
13;2B;6,8;0,003631681;11,5966399;0,072633622;231,9327979
14;2B;5,3;0,002206183;6,264527527;0,044123669;125,2905505
15;2B;23,4;0,043005262;245,7734873;0,860105237;4915,469746
16;2B;19,2;0,028952918;150,7439824;0,579058358;3014,879647
17;2B;16,3;0,020867244;100,5815256;0,417344876;2011,630512
18;2B;24,4;0,046759465;272,5479433;0,935189301;5450,958865
19;2B;9,7;0,007389811;27,89430874;0,147796226;557,8861749
20;2B;15,8;0,01960668;93,12886499;0,392133595;1862,5773
21;2B;6,6;0,003421194;10,77198433;0,068423888;215,4396865
22;2B;11,3;0,010028749;40,6779897;0,200574983;813,559794
23;2B;36,3;0,103491131;727,3306991;2,069822612;14546,61398
24;2B;7,8;0,004778362;16,27677692;0,095567249;325,5355384
25;2B;7,2;0,004071504;13,3558412;0,081430082;267,1168241
26;2B;10,1;0,008011847;30,82341565;0,160236933;616,468313
27;2B;14,3;0,016060607;72,78434813;0,321212141;1455,686963
28;2B;6,8;0,003631681;11,5966399;0,072633622;231,9327979
29;2B;22,2;0,038707563;215,7947368;0,774151262;4315,894735
30;2B;7,5;0,004417865;14,77335146;0,088357293;295,4670293
31;2B;26,3;0,054325206;328,0298026;1,086504111;6560,596053
32;2B;9,2;0,00664761;24,47498135;0,132952201;489,499627
33;2B;19,8;0,03079075;162,6530956;0,615814992;3253,061913
34;2B;22,5;0,039760782;223,0723027;0,79521564;4461,446054
35;2B;7,8;0,004778362;16,27677692;0,095567249;325,5355384
36;2B;11,4;0,010207035;41,5733035;0,204140691;831,46607
37;2B;11,9;0,011122023;46,2252416;0,222440468;924,5048321
38;2B;27,6;0,05982849;369,5634306;1,19656981;7391,268612
39;2B;11,3;0,010028749;40,6779897;0,200574983;813,559794
40;2B;28,1;0,062015824;386,3278033;1,240316488;7726,556066
41;2B;23,4;0,043005262;245,7734873;0,860105237;4915,469746
42;2B;14,2;0,015836769;71,53311661;0,316735371;1430,662332
43;2B;19;0,028352874;146,8935735;0,567057474;2937,87147
44;2B;13,1;0,013478218;58,61111991;0,269564358;1172,222398
45;2B;18,78028328;0,027700918;142,7317641;0,554018357;2854,635282
46;2B;7,480282325;0,004394666;14,6775646;0,087893317;293,5512919
47;2B;5,092958179;0,002037183;5,677090139;0,040743665;113,5418028
48;2B;29,85746732;0,070015761;448,8058678;1,400315217;8976,117356
49;2B;5,888732894;0,002723539;8,126932518;0,054470779;162,5386504
;2B;5,3;0,002206183;6,264527527;0,044123669;125,2905505
1;3A;1,14591559;0,000103132;0,142353711;0,01031324;14,23537106
2;3A;1,114084602;9,74824E-05;0,132781463;0,00974824;13,27814633
3;3A;4,042535555;0,001283505;3,208073481;0,128350504;320,8073481
4;3A;1,782535363;0,000249555;0,424148492;0,024955495;42,41484922
5;3A;2,419155135;0,000459639;0,902060569;0,045963948;90,20605689
6;3A;1,082253613;9,19916E-05;0,123603201;0,009199156;12,36032006
7;3A;2,06901426;0,000336215;0,612991168;0,033621482;61,29911676
8;3A;1,84619734;0,000267699;0,462568319;0,026769861;46,25683189
9;3A;14,00563499;0,015406198;69,1380102;0,30812397;1382,760204
10;3A;37,84704547;0,112500343;806,3427315;2,250006853;16126,85463
11;3A;1,814366351;0,000258547;0,443110541;0,025854721;44,31105406
12;3A;9,230986699;0,006692465;24,67918227;0,133849307;493,5836454
13;3A;2,705634033;0,000574947;1,189431616;0,057494723;118,9431616
14;3A;4,61549335;0,001673116;4,451287508;0,167311634;445,1287508
15;3A;1,050422624;8,66599E-05;0,11481358;0,008665987;11,48135798
16;3A;1,336901522;0,000140375;0,208350386;0,014037466;20,8350386
17;3A;1,655211408;0,000215177;0,353174692;0,021517748;35,31746918
18;3A;40,96648235;0,131809657;980,6497052;2,636193139;19612,9941
19;3A;30,52591809;0,073185889;474,044477;1,463717772;9480,889539
20;3A;8,562535938;0,005758305;20,49572081;0,115166108;409,9144163
21;3A;3,310422816;0,00086071;1,958099219;0,086070993;195,8099219
22;3A;6,143380803;0,002964181;9,023134338;0,059283625;180,4626868
23;3A;14,29211389;0,016042898;72,68520528;0,320857957;1453,704106
24;3A;11,84112777;0,011012249;45,66220896;0,220244976;913,2441793
25;3A;2,737465021;0,000588555;1,224308841;0,058855498;122,4308841
26;3A;2,005352283;0,000315843;0,567434595;0,031584298;56,74345955
27;3A;29,41183348;0,067941335;432,4349168;1,358826707;8648,698335
28;3A;2,864788976;0,000644578;1,369867473;0,064457752;136,9867473
29;3A;10,02676141;0,007896075;30,27406166;0,157921492;605,4812332
30;3A;1,84619734;0,000267699;0,462568319;0,026769861;46,25683189
31;3A;4,074366543;0,001303797;3,270853914;0,130379729;327,0853914
32;3A;2,355493158;0,000435766;0,844533521;0,043576623;84,4533521
33;3A;3,055774907;0,000733386;1,606710122;0,073338598;160,6710122
34;3A;1,177746579;0,000108942;0,152325206;0,010894156;15,23252056
35;3A;1,305070533;0,00013377;0,196306293;0,013376973;19,63062933
36;3A;2,132676237;0,000357223;0,660657166;0,035722327;66,06571662
37;3A;1,718873385;0,000232048;0,387695083;0,023204791;38,76950832
1;3B;17;0,022698007;111,5942796;0,453960138;2231,885592
2;3B;20,5;0,033006358;177,233755;0,660127156;3544,6751
3;3B;6,9;0,003739281;12,02260978;0,074785613;240,4521956
4;3B;8,7;0,005944679;21,31840563;0,118893574;426,3681126
5;3B;9;0,006361725;23,18119867;0,127234502;463,6239734
6;3B;6,7;0,003525652;11,17978587;0,070513047;223,5957175
7;3B;16,2;0,020611989;99,06363256;0,412239788;1981,272651
8;3B;28;0,061575216;382,9394803;1,23150432;7658,789607
9;3B;11,4;0,010207035;41,5733035;0,204140691;831,46607
10;3B;12,2;0,011689866;49,15840573;0,233797325;983,1681147
11;3B;9,4;0,006939778;25,81080646;0,138795563;516,2161293
12;3B;24,8;0,048305129;283,7218294;0,966102573;5674,436588
13;3B;21,9;0,037668481;208,6604098;0,753369626;4173,208195
14;3B;28,9;0,06559724;414,0771043;1,3119448;8281,542086
15;3B;9,1;0,006503882;23,82286165;0,130077644;476,457233
16;3B;11,6;0,010568318;43,39886179;0,211366354;867,9772358
17;3B;24,2;0,045996058;267,0609672;0,919921161;5341,219343
18;3B;8,5;0,005674502;20,12782341;0,113490035;402,5564683
19;3B;12,9;0,013069811;56,42477323;0,261396217;1128,495465
20;3B;8,7;0,005944679;21,31840563;0,118893574;426,3681126
21;3B;13,4;0,014102609;61,98385811;0,282052188;1239,677162
22;3B;19,4;0,029559245;154,6538453;0,591184906;3093,076906
23;3B;6,1;0,002922467;8,866509229;0,058449331;177,3301846
24;3B;8,4;0,005541769;19,54774945;0,110835389;390,9549891
25;3B;13,1;0,013478218;58,61111991;0,269564358;1172,222398
26;3B;8,9;0,006221139;22,54993813;0,124422777;450,9987625
27;3B;27;0,057255526;350,0277766;1,145110522;7000,555533
28;3B;17,6;0,024328494;121,580647;0,48656987;2431,612941
29;3B;9,4;0,006939778;25,81080646;0,138795563;516,2161293
30;3B;24,6;0,047529155;278,1014785;0,950583105;5562,029571
31;3B;8;0,005026548;17,32758373;0,100530965;346,5516745
32;3B;5,4;0,002290221;6,560661469;0,045804421;131,2132294
33;3B;45,4;0,161883128;1264,118132;3,237662557;25282,36263
34;3B;31,5;0,077931133;512,30433;1,558622655;10246,0866
35;3B;10,6;0,008824734;34,73229181;0,176494675;694,6458363
36;3B;7,3;0,004185387;13,81889877;0,083707736;276,3779754
37;3B;16,2;0,020611989;99,06363256;0,412239788;1981,272651
38;3B;34,2;0,091863311;627,7419559;1,837266216;12554,83912
39;3B;7,5;0,004417865;14,77335146;0,088357293;295,4670293
40;3B;26,4;0,05473911;331,1204102;1,094782208;6622,408205
41;3B;19,8;0,03079075;162,6530956;0,615814992;3253,061913
42;3B;16,5;0,021382465;103,6586323;0,4276493;2073,172646
43;3B;15,7;0,019359279;91,67917346;0,387185587;1833,583469
44;3B;7,2;0,004071504;13,3558412;0,081430082;267,1168241
45;3B;12,9;0,013069811;56,42477323;0,261396217;1128,495465
46;3B;20,7;0,033653526;181,5370909;0,673070518;3630,741819
47;3B;7,8;0,004778362;16,27677692;0,095567249;325,5355384
48;3B;13,9;0,015174678;67,85661943;0,303493558;1357,132389
49;3B;10,6;0,008824734;34,73229181;0,176494675;694,6458363
50;3B;24,3;0,046376976;269,7961514;0,927539523;5395,923028
51;3B;17,2;0,023235219;114,8665138;0,464704385;2297,330276
52;3B;10,3;0,008332289;32,35366098;0,166645782;647,0732196
53;3B;14,8;0,017203361;79,23541682;0,344067227;1584,708336
54;3B;17,6;0,024328494;121,580647;0,48656987;2431,612941
55;3B;18,9;0,028055208;144,990573;0,561104156;2899,81146
56;3B;25,9;0,052685294;315,8394431;1,053705884;6316,788861
57;3B;11,4;0,010207035;41,5733035;0,204140691;831,46607
58;3B;25,2;0,049875925;295,1639981;0,997518499;5903,279962
59;3B;7,6;0,00453646;15,26486735;0,090729196;305,297347
60;3B;5,2;0,002123717;5,976499813;0,042474333;119,5299963
61;3B;19,2;0,028952918;150,7439824;0,579058358;3014,879647
62;3B;6,9;0,003739281;12,02260978;0,074785613;240,4521956
1;4A;21,58141028;0,03658049;201,2398043;0,731609809;4024,796086
2;4A;18,93943823;0,028172414;145,7393187;0,563448287;2914,786374
3;4A;8,180564075;0,005256012;18,31007235;0,105120248;366,2014471
4;4A;2,355493158;0,000435766;0,844533521;0,043576623;84,4533521
5;4A;3,596901714;0,001016125;2,40382112;0,101612473;240,382112
6;4A;5,188451145;0,002114294;5,943754775;0,042285877;118,8750955
7;4A;26,45155154;0,054953098;332,72041;1,099061967;6654,408199
8;4A;14,19662092;0,015829232;71,49106201;0,316584647;1429,82124
9;4A;2,355493158;0,000435766;0,844533521;0,043576623;84,4533521
10;4A;2,641972055;0,000548209;1,121469015;0,05482092;112,1469015
11;4A;3,756056657;0,001108037;2,675258501;0,110803671;267,5258501
12;4A;1,432394488;0,000161144;0,247077634;0,016114438;24,70776342
13;4A;2,196338215;0,000378868;0,710462919;0,037886834;71,04629191
14;4A;1,750704374;0,000240722;0,405678058;0,024072185;40,56780579
15;4A;7,352958371;0,004246333;14,06794025;0,084926669;281,358805
16;4A;1,496056465;0,000175787;0,275105403;0,017578663;27,51054029
17;4A;3,374084794;0,000894132;2,052466634;0,089413247;205,2466634
18;4A;1,336901522;0,000140375;0,208350386;0,014037466;20,8350386
19;4A;8,594366927;0,005801198;20,68450699;0,116023954;413,6901397
20;4A;12,25493062;0,011795371;49,70713994;0,235907414;994,1427988
21;4A;3,278591828;0,000844237;1,911904058;0,08442374;191,1904058
22;4A;16,32929716;0,020942324;101,0288296;0,418846472;2020,576593
23;4A;18,97126922;0,028267191;146,3453139;0,565343823;2926,906278
24;4A;18,36648043;0,026493648;135,086126;0,52987296;2701,722519
25;4A;6,366197724;0,003183099;9,853497983;0,063661977;197,0699597
26;4A;31,70366466;0,078942125;520,5280505;1,5788425;10410,56101
27;4A;1,305070533;0,00013377;0,196306293;0,013376973;19,63062933
28;4A;1,114084602;9,74824E-05;0,132781463;0,00974824;13,27814633
29;4A;1,241408556;0,000121037;0,173486608;0,012103733;17,34866083
30;4A;23,90507245;0,044881774;259,0905644;0,897635471;5181,811288
31;4A;12,44591655;0,012165883;51,64331123;0,243317669;1032,866225
32;4A;4,106197532;0,001324249;3,334359996;0,13242487;333,4359996
33;4A;8,403380995;0,005546231;19,56719694;0,110924629;391,3439387
34;4A;9,89943746;0,007696813;29,33298323;0,153936253;586,6596647
35;4A;3,947042589;0,001223583;3,024059255;0,12235832;302,4059255
36;4A;4,265352475;0,001428893;3,662868011;0,142889308;366,2868011
37;4A;7,034648485;0,003886643;12,61068335;0,077732866;252,2136671
38;4A;3,469577759;0,00094546;2,19900486;0,094545994;219,900486
39;4A;1,050422624;8,66599E-05;0,11481358;0,008665987;11,48135798
40;4A;8,880845825;0,00619439;22,4302079;0,123887799;448,604158
41;4A;1,527887454;0,000183346;0,289796016;0,018334649;28,97960157
42;4A;5,156620156;0,002088431;5,854056554;0,041768623;117,0811311
43;4A;1,177746579;0,000108942;0,152325206;0,010894156;15,23252056
1;4B;11,5;0,010386891;42,48024489;0,207737814;849,6048977
2;4B;20,6;0,033329156;179,3777407;0,666583129;3587,554814
3;4B;14,5;0,016512996;75,32566625;0,330259928;1506,513325
4;4B;14,5;0,016512996;75,32566625;0,330259928;1506,513325
5;4B;26,5;0,055154586;334,2282867;1,10309172;6684,565733
6;4B;34,7;0,094569007;650,6640025;1,891380149;13013,28005
7;4B;5,5;0,002375829;6,864973322;0,047516589;137,2994664
8;4B;14,2;0,015836769;71,53311661;0,316735371;1430,662332
9;4B;14,6;0,016741547;76,61583777;0,334830945;1532,316755
10;4B;10;0,007853982;30,07479309;0,157079633;601,4958618
11;4B;11,1;0,009676891;38,92205202;0,193537815;778,4410403
12;4B;7,2;0,004071504;13,3558412;0,081430082;267,1168241
13;4B;18,3;0,026302199;133,8811058;0,526043982;2677,622117
14;4B;15,3;0,018385386;86,0151941;0,367707712;1720,303882
15;4B;5;0,001963495;5,424472713;0,039269908;108,4894543
16;4B;6,7;0,003525652;11,17978587;0,070513047;223,5957175
17;4B;12,6;0,012468981;53,23757503;0,249379625;1064,751501
18;4B;11,1;0,009676891;38,92205202;0,193537815;778,4410403
19;4B;18,2;0,026015529;132,0806045;0,520310575;2641,61209
20;4B;5,9;0,002733971;8,165409485;0,05467942;163,3081897
21;4B;9,7;0,007389811;27,89430874;0,147796226;557,8861749
22;4B;5,3;0,002206183;6,264527527;0,044123669;125,2905505
23;4B;17,6;0,024328494;121,580647;0,48656987;2431,612941
24;4B;22,4;0,039408138;220,6304757;0,788162765;4412,609515
25;4B;7,2;0,004071504;13,3558412;0,081430082;267,1168241
26;4B;16,5;0,021382465;103,6586323;0,4276493;2073,172646
27;4B;6,8;0,003631681;11,5966399;0,072633622;231,9327979
28;4B;8,8;0,006082123;21,92902542;0,121642468;438,5805084
29;4B;11,1;0,009676891;38,92205202;0,193537815;778,4410403
30;4B;39;0,119459061;868,4069532;2,389181213;17368,13906
31;4B;5,4;0,002290221;6,560661469;0,045804421;131,2132294
32;4B;5;0,001963495;5,424472713;0,039269908;108,4894543
33;4B;10,2;0,008171282;31,58302125;0,16342565;631,6604251
34;4B;15,6;0,01911345;90,24300131;0,382268994;1804,860026
35;4B;21,1;0,034966712;190,3288376;0,699334233;3806,576752
36;4B;17,2;0,023235219;114,8665138;0,464704385;2297,330276
37;4B;15,6;0,01911345;90,24300131;0,382268994;1804,860026
38;4B;17,2;0,023235219;114,8665138;0,464704385;2297,330276
39;4B;15,6;0,01911345;90,24300131;0,382268994;1804,860026
40;4B;10,3;0,008332289;32,35366098;0,166645782;647,0732196
41;4B;32,8;0,084496276;566,144009;1,68992552;11322,88018
42;4B;35,9;0,101222901;707,6866949;2,024458014;14153,7339
43;4B;5,8;0,002642079;7,827682831;0,052841588;156,5536566
44;4B;20;0,031415927;166,7430601;0,628318531;3334,861202
45;4B;7,1;0,003959192;12,90214825;0,079183843;258,042965
46;4B;7,9;0,00490167;16,79728886;0,098033399;335,9457772
47;4B;5,2;0,002123717;5,976499813;0,042474333;119,5299963
48;4B;8,8;0,006082123;21,92902542;0,121642468;438,5805084
49;4B;15,2;0,018145839;84,63269177;0,362916783;1692,653835
50;4B;28,3;0,062901754;393,1578309;1,25803507;7863,156618
51;4B;17,2;0,023235219;114,8665138;0,464704385;2297,330276
52;4B;10,3;0,008332289;32,35366098;0,166645782;647,0732196
53;4B;21,4;0,035968094;197,0856854;0,719361886;3941,713709
54;4B;46,6;0,170553924;1348,292902;3,411078471;26965,85804
55;4B;17;0,022698007;111,5942796;0,453960138;2231,885592
56;4B;16,1;0,020358306;97,55946001;0,407166116;1951,1892
57;4B;7,6;0,00453646;15,26486735;0,090729196;305,297347
58;4B;13;0,013273229;57,51176178;0,265464579;1150,235236
59;4B;19,2;0,028952918;150,7439824;0,579058358;3014,879647
60;4B;18,7;0,027464588;141,2287964;0,549291768;2824,575928
61;4B;21,2;0,035298935;192,565535;0,705978701;3851,310699
62;4B;8,3;0,005410608;18,97774533;0,108212159;379,5549066
63;4B;7,2;0,004071504;13,3558412;0,081430082;267,1168241
64;4B;15,1;0,017907864;83,26350428;0,35815727;1665,270086
1;5A;1,750704374;0,000240722;0,405678058;0,024072185;40,56780579
2;5A;16,58394507;0,021600588;104,9666476;0,432011769;2099,332952
3;5A;10,15408537;0,008097883;31,23288417;0,161957662;624,6576834
4;5A;2,960281942;0,000688266;1,485479554;0,068826555;148,5479554
5;5A;7,575775291;0,004507586;15,14491965;0,090151726;302,898393
6;5A;2,99211293;0,000703147;1,525261257;0,070314654;152,5261257
7;5A;1,082253613;9,19916E-05;0,123603201;0,009199156;12,36032006
8;5A;5,729577951;0,00257831;7,594928205;0,051566202;151,8985641
9;5A;4,424507418;0,001537516;4,00991239;0,153751633;400,991239
10;5A;12,38225457;0,012041743;50,9930252;0,240834851;1019,860504
11;5A;19,73521294;0,03058958;161,3411609;0,611791601;3226,823218
12;5A;1,241408556;0,000121037;0,173486608;0,012103733;17,34866083
13;5A;17,82535363;0,024955495;125,4636528;0,499109902;2509,273055
14;5A;3,819718634;0,001145916;2,788702408;0,114591559;278,8702408
15;5A;1,209577567;0,00011491;0,162701134;0,011490987;16,2701134
16;5A;10,02676141;0,007896075;30,27406166;0,157921492;605,4812332
17;5A;4,265352475;0,001428893;3,662868011;0,142889308;366,2868011
18;5A;1,432394488;0,000161144;0,247077634;0,016114438;24,70776342
19;5A;15,18338157;0,018106183;84,40423293;0,36212365;1688,084659
20;5A;1,114084602;9,74824E-05;0,132781463;0,00974824;13,27814633
21;5A;3,183098862;0,000795775;1,777236863;0,079577472;177,7236863
22;5A;15,62901541;0,019184616;90,6583227;0,383692328;1813,166454
23;5A;7,384789359;0,004283178;14,21890404;0,085663557;284,3780809
24;5A;4,424507418;0,001537516;4,00991239;0,153751633;400,991239
25;5A;6,429859701;0,003247079;10,09877152;0,064941583;201,9754304
26;5A;9,326479665;0,006831646;25,31484092;0,136632927;506,2968184
27;5A;2,705634033;0,000574947;1,189431616;0,057494723;118,9431616
28;5A;15,88366332;0,01981487;94,35214133;0,3962974;1887,042827
29;5A;4,456338407;0,001559718;4,081574133;0,155971844;408,1574133
30;5A;28,36141086;0,063175043;395,2693316;1,263500854;7905,386633
31;5A;1,400563499;0,000154062;0,233731301;0,015406198;23,37313009
32;5A;1,687042397;0,000223533;0,370195373;0,022353312;37,01953732
33;5A;4,010704566;0,001263372;3,146016019;0,126337194;314,6016019
34;5A;5,124789168;0,002062728;5,765169129;0,041254553;115,3033826
35;5A;2,705634033;0,000574947;1,189431616;0,057494723;118,9431616
36;5A;4,901972247;0,001887259;5,165460132;0,188725932;516,5460132
37;5A;1,273239545;0,000127324;0,18468667;0,012732395;18,46866702
38;5A;19,76704393;0,030688336;161,9849465;0,613766714;3239,69893
39;5A;1,305070533;0,00013377;0,196306293;0,013376973;19,63062933
40;5A;1,209577567;0,00011491;0,162701134;0,011490987;16,2701134
41;5A;1,591549431;0,000198944;0,320553257;0,019894368;32,05532566
42;5A;1,368732511;0,000147139;0,220823794;0,014713874;22,08237936
43;5A;1,400563499;0,000154062;0,233731301;0,015406198;23,37313009
44;5A;6,366197724;0,003183099;9,853497983;0,063661977;197,0699597
45;5A;1,050422624;8,66599E-05;0,11481358;0,008665987;11,48135798
46;5A;1,368732511;0,000147139;0,220823794;0,014713874;22,08237936
47;5A;31,67183368;0,078783686;519,2376136;1,575673725;10384,75227
48;5A;1,591549431;0,000198944;0,320553257;0,019894368;32,05532566
49;5A;1,591549431;0,000198944;0,320553257;0,019894368;32,05532566
50;5A;4,074366543;0,001303797;3,270853914;0,130379729;327,0853914
51;5A;13,1461983;0,01357345;59,12319435;0,271468995;1182,463887
52;5A;1,209577567;0,00011491;0,162701134;0,011490987;16,2701134
53;5A;2,832957987;0,000630333;1,332563824;0,063033315;133,2563824
54;5A;14,70591674;0,016985334;77,99659332;0,339706677;1559,931866
55;5A;1,973521294;0,000305896;0,545437731;0,03058958;54,54377313
56;5A;3,978873577;0,001243398;3,084678844;0,124339799;308,4678844
57;5A;1,241408556;0,000121037;0,173486608;0,012103733;17,34866083
1;5B;14,9;0,017436625;80,56490835;0,348732493;1611,298167
2;5B;15,5;0,018869191;88,8203079;0,377383818;1776,406158
3;5B;8,5;0,005674502;20,12782341;0,113490035;402,5564683
4;5B;12,6;0,012468981;53,23757503;0,249379625;1064,751501
5;5B;15,6;0,01911345;90,24300131;0,382268994;1804,860026
6;5B;16,2;0,020611989;99,06363256;0,412239788;1981,272651
7;5B;21;0,034636059;188,1076793;0,69272118;3762,153585
8;5B;20,9;0,034306977;185,9020253;0,686139544;3718,040505
9;5B;12,4;0,012076282;51,17379584;0,241525643;1023,475917
10;5B;6;0,002827433;8,511662362;0,056548668;170,2332472
11;5B;10,7;0,008992024;35,54757366;0,179840471;710,9514732
12;5B;16,7;0,021903969;106,7910971;0,438079388;2135,821943
13;5B;7,9;0,00490167;16,79728886;0,098033399;335,9457772
14;5B;10,2;0,008171282;31,58302125;0,16342565;631,6604251
15;5B;12,3;0,011882289;50,16007515;0,237645776;1003,201503
16;5B;13,5;0,014313882;63,13314001;0,286277631;1262,6628
17;5B;6,2;0,003019071;9,230017255;0,060381411;184,6003451
18;5B;22,4;0,039408138;220,6304757;0,788162765;4412,609515
19;5B;8,5;0,005674502;20,12782341;0,113490035;402,5564683
20;5B;13,4;0,014102609;61,98385811;0,282052188;1239,677162
21;5B;8,9;0,006221139;22,54993813;0,124422777;450,9987625
22;5B;38,1;0,114009183;819,725156;2,280183656;16394,50312
23;5B;7,3;0,004185387;13,81889877;0,083707736;276,3779754
24;5B;5,6;0,002463009;7,177534074;0,049260173;143,5506815
25;5B;13,2;0,013684778;59,72289234;0,273695552;1194,457847
26;5B;10,4;0,008494867;33,13538565;0,169897331;662,707713
27;5B;11,7;0,010751315;44,32920192;0,215026309;886,5840383
28;5B;16,9;0,022431757;109,9792352;0,448635139;2199,584704
29;5B;16,8;0,022167078;108,3781874;0,443341555;2167,563748
30;5B;18,3;0,026302199;133,8811058;0,526043982;2677,622117
31;5B;6;0,002827433;8,511662362;0,056548668;170,2332472
32;5B;22,2;0,038707563;215,7947368;0,774151262;4315,894735
33;5B;16,9;0,022431757;109,9792352;0,448635139;2199,584704
34;5B;14,7;0,016971669;77,91907393;0,339433378;1558,381479
35;5B;5,3;0,002206183;6,264527527;0,044123669;125,2905505
36;5B;9;0,006361725;23,18119867;0,127234502;463,6239734
37;5B;5;0,001963495;5,424472713;0,039269908;108,4894543
38;5B;9,4;0,006939778;25,81080646;0,138795563;516,2161293
39;5B;8,5;0,005674502;20,12782341;0,113490035;402,5564683
40;5B;36,2;0,102921717;722,3896682;2,058434338;14447,79336
41;5B;16,8;0,022167078;108,3781874;0,443341555;2167,563748
42;5B;26,9;0,056832197;346,8330955;1,13664393;6936,66191
43;5B;17,5;0,024052819;119,8808094;0,481056375;2397,616188
44;5B;19,4;0,029559245;154,6538453;0,591184906;3093,076906
45;5B;9,5;0,007088218;26,49461889;0,141764368;529,8923778
46;5B;20,2;0,032047387;170,8936328;0,640947733;3417,872657
47;5B;7,3;0,004185387;13,81889877;0,083707736;276,3779754
48;5B;18,1;0,025730429;130,2945969;0,514608585;2605,891938
49;5B;6,5;0,003318307;10,37317136;0,066366145;207,4634273
50;5B;22,3;0,039057065;218,2046316;0,781141305;4364,092633
51;5B;11,6;0,010568318;43,39886179;0,211366354;867,9772358
52;5B;22,2;0,038707563;215,7947368;0,774151262;4315,894735
53;5B;5;0,001963495;5,424472713;0,039269908;108,4894543
54;5B;17,8;0,024884555;125,0231606;0,497691108;2500,463213
55;5B;23,3;0,042638481;243,1863134;0,852769618;4863,726267
56;5B;8,9;0,006221139;22,54993813;0,124422777;450,9987625
57;5B;5,8;0,002642079;7,827682831;0,052841588;156,5536566
58;5B;11;0,009503318;38,06133115;0,190066356;761,226623
59;5B;5,1;0,002042821;5,696505923;0,040856412;113,9301185
33;6A;1,050422624;8,66599E-05;0,11481358;0,008665987;11,48135798
31;6A;1,114084602;9,74824E-05;0,132781463;0,00974824;13,27814633
22;6A;1,209577567;0,00011491;0,162701134;0,011490987;16,2701134
36;6A;1,241408556;0,000121037;0,173486608;0,012103733;17,34866083
7;6A;1,273239545;0,000127324;0,18468667;0,012732395;18,46866702
9;6A;1,687042397;0,000223533;0,370195373;0,022353312;37,01953732
15;6A;1,750704374;0,000240722;0,405678058;0,024072185;40,56780579
3;6A;1,814366351;0,000258547;0,443110541;0,025854721;44,31105406
34;6A;1,909859317;0,000286479;0,502987338;0,02864789;50,2987338
4;6A;2,260000192;0,00040115;0,762438279;0,040115003;76,2438279
23;6A;2,291831181;0,00041253;0,789248766;0,041252961;78,92487657
14;6A;2,896619964;0,000658981;1,407785842;0,065898104;140,7785842
8;6A;3,310422816;0,00086071;1,958099219;0,086070993;195,8099219
26;6A;3,469577759;0,00094546;2,19900486;0,094545994;219,900486
11;6A;3,501408748;0,000962887;2,249192557;0,096288741;224,9192557
35;6A;3,819718634;0,001145916;2,788702408;0,114591559;278,8702408
16;6A;4,806479281;0,001814446;4,920365328;0,181444593;492,0365328
20;6B;5;0,001963495;5,424472713;0,039269908;108,4894543
25;6B;5;0,001963495;5,424472713;0,039269908;108,4894543
33;6B;5,2;0,002123717;5,976499813;0,042474333;119,5299963
37;6B;5,2;0,002123717;5,976499813;0,042474333;119,5299963
29;6B;5,4;0,002290221;6,560661469;0,045804421;131,2132294
6;6A;5,506761031;0,002381674;6,885844858;0,047633483;137,7168972
13;6B;5,7;0,002551759;7,498414028;0,051035173;149,9682806
12;6B;5,8;0,002642079;7,827682831;0,052841588;156,5536566
18;6B;5,8;0,002642079;7,827682831;0,052841588;156,5536566
23;6B;5,8;0,002642079;7,827682831;0,052841588;156,5536566
28;6B;5,8;0,002642079;7,827682831;0,052841588;156,5536566
18;6A;5,825070917;0,00266497;7,911556892;0,053299399;158,2311378
5;6A;6,270704758;0,003088322;9,492297861;0,061766442;189,8459572
46;6B;7;0,003848451;12,45775843;0,07696902;249,1551685
1;6A;7,384789359;0,004283178;14,21890404;0,085663557;284,3780809
4;6B;7,5;0,004417865;14,77335146;0,088357293;295,4670293
40;6B;8;0,005026548;17,32758373;0,100530965;346,5516745
31;6B;8,9;0,006221139;22,54993813;0,124422777;450,9987625
15;6B;9;0,006361725;23,18119867;0,127234502;463,6239734
47;6B;9;0,006361725;23,18119867;0,127234502;463,6239734
19;6A;9,071831756;0,00646368;23,6410609;0,129273603;472,8212181
39;6B;9,1;0,006503882;23,82286165;0,130077644;476,457233
9;6B;9,2;0,00664761;24,47498135;0,132952201;489,499627
12;6A;9,326479665;0,006831646;25,31484092;0,136632927;506,2968184
13;6A;9,358310654;0,006878358;25,52886849;0,137567167;510,5773699
10;6B;9,5;0,007088218;26,49461889;0,141764368;529,8923778
5;6B;9,6;0,007238229;27,18910206;0,144764589;543,7820413
11;6B;9,7;0,007389811;27,89430874;0,147796226;557,8861749
1;6B;10,2;0,008171282;31,58302125;0,16342565;631,6604251
8;6B;10,8;0,009160884;36,37414117;0,183217684;727,4828233
34;6B;11,1;0,009676891;38,92205202;0,193537815;778,4410403
6;6B;12,5;0,012271846;52,19961385;0,245436926;1043,992277
10;6A;12,73239545;0,012732395;54,63054729;0,254647909;1092,610946
25;6A;12,76422644;0,012796137;54,96864828;0,25592274;1099,372966
36;6B;13,2;0,013684778;59,72289234;0,273695552;1194,457847
55;6B;13,2;0,013684778;59,72289234;0,273695552;1194,457847
29;6A;14,03746598;0,015476306;69,52693224;0,309526125;1390,538645
32;6B;14,8;0,017203361;79,23541682;0,344067227;1584,708336
44;6B;14,8;0,017203361;79,23541682;0,344067227;1584,708336
28;6A;15,59718442;0,019106551;90,20276006;0,382131018;1804,055201
27;6A;16,87042397;0,022353312;109,5042529;0,447066235;2190,085058
50;6B;16,9;0,022431757;109,9792352;0,448635139;2199,584704
30;6A;16,96591693;0,022607084;111,0422482;0,452141686;2220,844965
17;6A;17,25239583;0,023376996;115,7330903;0,467539927;2314,661806
3;6B;17,4;0,023778715;118,1952002;0,475574296;2363,904004
54;6B;17,4;0,023778715;118,1952002;0,475574296;2363,904004
21;6A;18,20732549;0,026036475;132,2120076;0,520729509;2644,240152
2;6B;18,3;0,026302199;133,8811058;0,526043982;2677,622117
45;6B;18,3;0,026302199;133,8811058;0,526043982;2677,622117
35;6B;19;0,028352874;146,8935735;0,567057474;2937,87147
43;6B;19;0,028352874;146,8935735;0,567057474;2937,87147
49;6B;19,1;0,02865211;148,8113644;0,573042208;2976,227288
30;6B;20,1;0,031730871;168,8107526;0,634617424;3376,215052
19;6B;20,4;0,03268513;175,1050986;0,653702599;3502,101973
24;6B;20,4;0,03268513;175,1050986;0,653702599;3502,101973
53;6B;22,5;0,039760782;223,0723027;0,79521564;4461,446054
51;6B;22,6;0,040114997;225,5301461;0,802299932;4510,602922
7;6B;23,9;0,044862728;258,9547379;0,89725457;5179,094758
24;6A;24,92366409;0,048788072;287,230548;0,975761449;5744,610959
41;6B;25,5;0,051070516;303,9229066;1,021410311;6078,458132
2;6A;26,80169242;0,056417563;343,7094642;1,128351251;6874,189284
14;6B;27,4;0,058964553;362,9813311;1,17929105;7259,626621
21;6B;29,9;0,070215381;450,3873194;1,404307624;9007,746388
26;6B;29,9;0,070215381;450,3873194;1,404307624;9007,746388
16;6B;30,6;0,073541542;476,892281;1,470830849;9537,84562
32;6A;31,19436885;0,076426204;500,1093173;1,528524073;10002,18635
38;6B;31,5;0,077931133;512,30433;1,558622655;10246,0866
17;6B;32,3;0,081939805;545,0571999;1,6387961;10901,144
22;6B;32,5;0,082957681;553,4347605;1,65915362;11068,69521
27;6B;32,5;0,082957681;553,4347605;1,65915362;11068,69521
52;6B;32,5;0,082957681;553,4347605;1,65915362;11068,69521
48;6B;34,8;0,095114859;655,3072306;1,902297184;13106,14461
20;6A;35,77803121;0,100536268;701,7604165;2,010725354;14035,20833
42;6B;59,5;0,278050585;2466,232806;5,561011696;49324,65612
21;7A;1,018591636;8,14873E-05;0,106407174;0,008148733;10,6407174
38;7A;1,050422624;8,66599E-05;0,11481358;0,008665987;11,48135798
16;7A;1,082253613;9,19916E-05;0,123603201;0,009199156;12,36032006
3;7A;1,273239545;0,000127324;0,18468667;0,012732395;18,46866702
30;7A;1,273239545;0,000127324;0,18468667;0,012732395;18,46866702
32;7A;1,368732511;0,000147139;0,220823794;0,014713874;22,08237936
14;7A;1,464225476;0,000168386;0,260867463;0,016838593;26,08674631
29;7A;1,591549431;0,000198944;0,320553257;0,019894368;32,05532566
37;7A;1,591549431;0,000198944;0,320553257;0,019894368;32,05532566
4;7A;1,62338042;0,000206981;0,33662876;0,0206981;33,66287604
20;7A;1,814366351;0,000258547;0,443110541;0,025854721;44,31105406
12;7A;1,909859317;0,000286479;0,502987338;0,02864789;50,2987338
10;7A;1,973521294;0,000305896;0,545437731;0,03058958;54,54377313
19;7A;2,037183272;0,000325949;0,589951118;0,032594932;58,99511179
1;7A;2,132676237;0,000357223;0,660657166;0,035722327;66,06571662
11;7A;2,228169203;0,00038993;0,73617755;0,038992961;73,61775504
7;7A;2,864788976;0,000644578;1,369867473;0,064457752;136,9867473
33;7A;3,151267873;0,000779939;1,733643831;0,07799388;173,3643831
9;7A;3,660563691;0,001052412;2,510323411;0,105241206;251,0323411
40;7A;3,9152116;0,001203928;2,964154545;0,120392757;296,4154545
22;7A;4,010704566;0,001263372;3,146016019;0,126337194;314,6016019
2;7A;4,042535555;0,001283505;3,208073481;0,128350504;320,8073481
28;7A;4,13802852;0,001344859;3,398594391;0,134485927;339,8594391
6;7B;5;0,001963495;5,424472713;0,039269908;108,4894543
33;7B;5;0,001963495;5,424472713;0,039269908;108,4894543
43;7B;5;0,001963495;5,424472713;0,039269908;108,4894543
46;7B;5;0,001963495;5,424472713;0,039269908;108,4894543
6;7A;5,092958179;0,002037183;5,677090139;0,040743665;113,5418028
31;7A;5,092958179;0,002037183;5,677090139;0,040743665;113,5418028
56;7B;5,1;0,002042821;5,696505923;0,040856412;113,9301185
39;7A;5,188451145;0,002114294;5,943754775;0,042285877;118,8750955
20;7B;5,2;0,002123717;5,976499813;0,042474333;119,5299963
55;7B;5,2;0,002123717;5,976499813;0,042474333;119,5299963
47;7B;5,3;0,002206183;6,264527527;0,044123669;125,2905505
52;7B;5,4;0,002290221;6,560661469;0,045804421;131,2132294
3;7B;5,5;0,002375829;6,864973322;0,047516589;137,2994664
25;7A;5,634084985;0,002493083;7,285967906;0,049861652;145,7193581
36;7A;5,729577951;0,00257831;7,594928205;0,051566202;151,8985641
43;7A;5,729577951;0,00257831;7,594928205;0,051566202;151,8985641
2;7B;6;0,002827433;8,511662362;0,056548668;170,2332472
26;7B;6,1;0,002922467;8,866509229;0,058449331;177,3301846
35;7A;6,143380803;0,002964181;9,023134338;0,059283625;180,4626868
29;7B;6,2;0,003019071;9,230017255;0,060381411;184,6003451
44;7B;6,3;0,003117245;9,602253028;0,062344906;192,0450606
21;7B;6,4;0,003216991;9,983282574;0,064339818;199,6656515
42;7B;6,4;0,003216991;9,983282574;0,064339818;199,6656515
53;7B;6,5;0,003318307;10,37317136;0,066366145;207,4634273
28;7B;6,6;0,003421194;10,77198433;0,068423888;215,4396865
23;7A;6,68450761;0,003509366;11,11601669;0,07018733;222,3203337
26;7A;6,716338598;0,003542869;11,2472736;0,070857372;224,9454719
38;7B;6,9;0,003739281;12,02260978;0,074785613;240,4521956
31;7B;7;0,003848451;12,45775843;0,07696902;249,1551685
51;7B;7,7;0,004656626;15,76598939;0,093132514;315,3197879
22;7B;7,8;0,004778362;16,27677692;0,095567249;325,5355384
41;7B;8;0,005026548;17,32758373;0,100530965;346,5516745
7;7B;8,1;0,005152997;17,86771966;0,103059947;357,3543931
8;7B;8,3;0,005410608;18,97774533;0,108212159;379,5549066
10;7B;8,3;0,005410608;18,97774533;0,108212159;379,5549066
12;7B;8,3;0,005410608;18,97774533;0,108212159;379,5549066
57;7B;8,3;0,005410608;18,97774533;0,108212159;379,5549066
4;7B;8,6;0,005808805;20,71802349;0,116176096;414,3604698
27;7B;9,3;0,006792909;25,13761174;0,135858174;502,7522347
40;7B;9,4;0,006939778;25,81080646;0,138795563;516,2161293
49;7B;9,5;0,007088218;26,49461889;0,141764368;529,8923778
35;7B;10,3;0,008332289;32,35366098;0,166645782;647,0732196
13;7A;10,44056427;0,008561263;33,45565835;0,171225254;669,1131671
14;7B;10,5;0,008659015;33,92824583;0,173180295;678,5649165
42;7A;10,79070514;0,009145123;36,29683582;0,182902452;725,9367163
36;7B;11,4;0,010207035;41,5733035;0,204140691;831,46607
15;7A;11,7456348;0,010835348;44,75766934;0,216706962;895,1533868
15;7B;12;0,011309734;47,19103551;0,226194671;943,8207102
18;7A;12,89155039;0,013052695;56,33349226;0,261053895;1126,669845
54;7B;13,1;0,013478218;58,61111991;0,269564358;1172,222398
34;7A;13,1461983;0,01357345;59,12319435;0,271468995;1182,463887
41;7A;13,20986028;0,01370523;59,83319026;0,274104601;1196,663805
9;7B;13,4;0,014102609;61,98385811;0,282052188;1239,677162
11;7B;13,4;0,014102609;61,98385811;0,282052188;1239,677162
45;7B;13,4;0,014102609;61,98385811;0,282052188;1239,677162
24;7A;13,75098708;0,014851066;66,07324723;0,297021321;1321,464945
5;7B;14,5;0,016512996;75,32566625;0,330259928;1506,513325
24;7B;16,1;0,020358306;97,55946001;0,407166116;1951,1892
17;7B;16,2;0,020611989;99,06363256;0,412239788;1981,272651
32;7B;17,7;0,024605739;123,2947514;0,492114781;2465,895028
37;7B;17,7;0,024605739;123,2947514;0,492114781;2465,895028
25;7B;17,9;0,025164943;126,7659127;0,503298851;2535,318254
8;7A;17,92084659;0,025223592;127,1310273;0,504471832;2542,620546
13;7B;18,4;0,02659044;135,6961384;0,531808804;2713,922768
50;7B;18,9;0,028055208;144,990573;0,561104156;2899,81146
39;7B;19,2;0,028952918;150,7439824;0,579058358;3014,879647
17;7A;19,76704393;0,030688336;161,9849465;0,613766714;3239,69893
30;7B;20,3;0,032365473;172,9917364;0,647309458;3459,834727
5;7A;21,86788918;0,0375581;207,9052279;0,751161993;4158,104557
18;7B;22,5;0,039760782;223,0723027;0,79521564;4461,446054
34;7B;23,9;0,044862728;258,9547379;0,89725457;5179,094758
48;7B;24,1;0,045616711;264,3423584;0,912334215;5286,847168
16;7B;24,4;0,046759465;272,5479433;0,935189301;5450,958865
19;7B;25,5;0,051070516;303,9229066;1,021410311;6078,458132
27;7A;26,96084736;0,057089594;348,7748974;1,141791886;6975,497948
23;7B;27;0,057255526;350,0277766;1,145110522;7000,555533
1;7B;32,7;0,08398184;561,8885018;1,679636804;11237,77004
1;8A;3,278591828;0,000844237;1,911904058;0,08442374;191,1904058
2;8A;1,050422624;8,66599E-05;0,11481358;0,008665987;11,48135798
3;8A;13,46450819;0,014238717;62,72379988;0,284774348;1254,475998
4;8A;1,527887454;0,000183346;0,289796016;0,018334649;28,97960157
5;8A;2,228169203;0,00038993;0,73617755;0,038992961;73,61775504
6;8A;19,51239602;0,029902747;156,8773141;0,598054938;3137,546283
7;8A;14,2602829;0,015971517;72,28584885;0,319430337;1445,716977
8;8A;2,610141067;0,000535079;1,088376966;0,053507892;108,8376966
9;8A;3,947042589;0,001223583;3,024059255;0,12235832;302,4059255
10;8A;22,34535401;0,039216096;219,3028708;0,784321926;4386,057415
11;8A;2,228169203;0,00038993;0,73617755;0,038992961;73,61775504
12;8A;2,482817112;0,000484149;0,961858254;0,048414934;96,18582536
13;8A;1,305070533;0,00013377;0,196306293;0,013376973;19,63062933
14;8A;1,687042397;0,000223533;0,370195373;0,022353312;37,01953732
15;8A;4,551831372;0,00162728;4,301111105;0,162727972;430,1111105
16;8A;3,756056657;0,001108037;2,675258501;0,110803671;267,5258501
17;8A;3,69239468;0,001070794;2,564608068;0,107079446;256,4608068
18;8A;1,464225476;0,000168386;0,260867463;0,016838593;26,08674631
19;8A;2,673803044;0,000561499;1,155152783;0,056149864;115,5152783
20;8A;7,957747155;0,004973592;17,10232181;0,099471839;342,0464362
21;8A;3,787887646;0,001126897;2,731629878;0,112689657;273,1629878
22;8A;14,48309982;0,016474526;75,1089125;0,329490521;1502,17825
23;8A;6,843662553;0,003678469;11,78150433;0,073569372;235,6300866
24;8A;1,209577567;0,00011491;0,162701134;0,011490987;16,2701134
25;8A;23,07746675;0,041827908;237,4873749;0,83655817;4749,747498
26;8A;1,14591559;0,000103132;0,142353711;0,01031324;14,23537106
27;8A;6,811831564;0,00364433;11,6465621;0,072886598;232,931242
28;8A;22,12253709;0,038437908;213,9389031;0,768758164;4278,778063
29;8A;18,27098747;0,026218867;133,3572401;0,52437734;2667,144801
30;8A;3,533239737;0,000980474;2,300055911;0,098047403;230,0055911
31;8A;1,591549431;0,000198944;0,320553257;0,019894368;32,05532566
32;8A;1,400563499;0,000154062;0,233731301;0,015406198;23,37313009
33;8A;2,100845249;0,000346639;0,636558582;0,034663947;63,65585817
34;8A;19,73521294;0,03058958;161,3411609;0,611791601;3226,823218
35;8A;3,628732702;0,001034189;2,456728706;0,103418882;245,6728706
36;8A;19,19408614;0,028935085;150,6292768;0,578701697;3012,585536
37;8A;1,464225476;0,000168386;0,260867463;0,016838593;26,08674631
38;8A;1,814366351;0,000258547;0,443110541;0,025854721;44,31105406
39;8A;8,116902098;0,005174525;17,95999033;0,103490502;359,1998067
40;8A;1,750704374;0,000240722;0,405678058;0,024072185;40,56780579
41;8A;1,909859317;0,000286479;0,502987338;0,02864789;50,2987338
42;8A;7,957747155;0,004973592;17,10232181;0,099471839;342,0464362
43;8A;5,315775099;0,002219336;6,310702585;0,044386722;126,2140517
44;8A;1,209577567;0,00011491;0,162701134;0,011490987;16,2701134
45;8A;23,93690344;0,045001378;259,9438799;0,900027569;5198,877597
46;8A;1,878028328;0,000277009;0,482525904;0,027700918;48,25259045
47;8A;4,297183463;0,001450299;3,730783563;0,145029942;373,0783563
48;8A;1,018591636;8,14873E-05;0,106407174;0,008148733;10,6407174
49;8A;1,082253613;9,19916E-05;0,123603201;0,009199156;12,36032006
50;8A;1,177746579;0,000108942;0,152325206;0,010894156;15,23252056
51;8A;1,082253613;9,19916E-05;0,123603201;0,009199156;12,36032006
1;8B;5,1;0,002042821;5,696505923;0,040856412;113,9301185
2;8B;10,8;0,009160884;36,37414117;0,183217684;727,4828233
3;8B;19,2;0,028952918;150,7439824;0,579058358;3014,879647
4;8B;15,4;0,018626503;87,41105246;0,372530057;1748,221049
5;8B;5,6;0,002463009;7,177534074;0,049260173;143,5506815
6;8B;18,3;0,026302199;133,8811058;0,526043982;2677,622117
7;8B;6,2;0,003019071;9,230017255;0,060381411;184,6003451
8;8B;5,2;0,002123717;5,976499813;0,042474333;119,5299963
9;8B;7,2;0,004071504;13,3558412;0,081430082;267,1168241
10;8B;11,6;0,010568318;43,39886179;0,211366354;867,9772358
11;8B;19,5;0,029864765;156,6311631;0,597295303;3132,623261
12;8B;8,5;0,005674502;20,12782341;0,113490035;402,5564683
13;8B;14,4;0,016286016;74,04851716;0,325720326;1480,970343
14;8B;7;0,003848451;12,45775843;0,07696902;249,1551685
15;8B;13,2;0,013684778;59,72289234;0,273695552;1194,457847
16;8B;14,6;0,016741547;76,61583777;0,334830945;1532,316755
17;8B;6,9;0,003739281;12,02260978;0,074785613;240,4521956
18;8B;20,8;0,033979466;183,7118408;0,679589323;3674,236816
19;8B;15,3;0,018385386;86,0151941;0,367707712;1720,303882
20;8B;11,2;0,009852035;39,79425533;0,197040691;795,8851066
21;8B;15,5;0,018869191;88,8203079;0,377383818;1776,406158
22;8B;10,7;0,008992024;35,54757366;0,179840471;710,9514732
23;8B;18,3;0,026302199;133,8811058;0,526043982;2677,622117
24;8B;5,3;0,002206183;6,264527527;0,044123669;125,2905505
25;8B;7,1;0,003959192;12,90214825;0,079183843;258,042965
26;8B;8,4;0,005541769;19,54774945;0,110835389;390,9549891
27;8B;13,3;0,013892908;60,84712362;0,277858162;1216,942472
28;8B;10,5;0,008659015;33,92824583;0,173180295;678,5649165
29;8B;5,4;0,002290221;6,560661469;0,045804421;131,2132294
30;8B;6,3;0,003117245;9,602253028;0,062344906;192,0450606
31;8B;9,2;0,00664761;24,47498135;0,132952201;489,499627
32;8B;11,2;0,009852035;39,79425533;0,197040691;795,8851066
33;8B;19,4;0,029559245;154,6538453;0,591184906;3093,076906
34;8B;7;0,003848451;12,45775843;0,07696902;249,1551685
35;8B;15,6;0,01911345;90,24300131;0,382268994;1804,860026
36;8B;12,9;0,013069811;56,42477323;0,261396217;1128,495465
37;8B;18,8;0,027759113;143,1023263;0,555182254;2862,046525
38;8B;12,3;0,011882289;50,16007515;0,237645776;1003,201503
39;8B;15,5;0,018869191;88,8203079;0,377383818;1776,406158
40;8B;10,3;0,008332289;32,35366098;0,166645782;647,0732196
41;8B;15,2;0,018145839;84,63269177;0,362916783;1692,653835
42;8B;24,4;0,046759465;272,5479433;0,935189301;5450,958865
43;8B;6,6;0,003421194;10,77198433;0,068423888;215,4396865
44;8B;16,4;0,021124069;102,1131789;0,42248138;2042,263579
45;8B;5;0,001963495;5,424472713;0,039269908;108,4894543
46;8B;18,2;0,026015529;132,0806045;0,520310575;2641,61209
47;8B;20,6;0,033329156;179,3777407;0,666583129;3587,554814
48;8B;5,4;0,002290221;6,560661469;0,045804421;131,2132294
49;8B;17;0,022698007;111,5942796;0,453960138;2231,885592
50;8B;13,4;0,014102609;61,98385811;0,282052188;1239,677162
51;8B;8,6;0,005808805;20,71802349;0,116176096;414,3604698
52;8B;17;0,022698007;111,5942796;0,453960138;2231,885592
53;8B;13,4;0,014102609;61,98385811;0,282052188;1239,677162
54;8B;8,6;0,005808805;20,71802349;0,116176096;414,3604698
55;8B;17;0,022698007;111,5942796;0,453960138;2231,885592
56;8B;11;0,009503318;38,06133115;0,190066356;761,226623
57;8B;8;0,005026548;17,32758373;0,100530965;346,5516745
58;8B;6,7;0,003525652;11,17978587;0,070513047;223,5957175
59;8B;8,1;0,005152997;17,86771966;0,103059947;357,3543931
60;8B;6,2;0,003019071;9,230017255;0,060381411;184,6003451
61;8B;16,9;0,022431757;109,9792352;0,448635139;2199,584704
62;8B;29,5;0,068349275;435,6451161;1,366985503;8712,902322
63;8B;31,3;0,076944673;504,3043406;1,538893453;10086,08681
64;8B;12,2;0,011689866;49,15840573;0,233797325;983,1681147
65;8B;18,4;0,02659044;135,6961384;0,531808804;2713,922768
66;8B;10,2;0,008171282;31,58302125;0,16342565;631,6604251
67;8B;39,7;0,123785819;907,4317912;2,475716383;18148,63582
68;8B;6,4;0,003216991;9,983282574;0,064339818;199,6656515
69;8B;25,1;0,04948087;292,2781932;0,989617394;5845,563863
70;8B;8,3;0,005410608;18,97774533;0,108212159;379,5549066
71;8B;8,7;0,005944679;21,31840563;0,118893574;426,3681126
72;8B;24,6;0,047529155;278,1014785;0,950583105;5562,029571
73;8B;18,8;0,027759113;143,1023263;0,555182254;2862,046525
74;8B;11,9;0,011122023;46,2252416;0,222440468;924,5048321
75;8B;16,5;0,021382465;103,6586323;0,4276493;2073,172646
76;8B;11,2;0,009852035;39,79425533;0,197040691;795,8851066
77;8B;14,3;0,016060607;72,78434813;0,321212141;1455,686963
78;8B;17,8;0,024884555;125,0231606;0,497691108;2500,463213
79;8B;10,8;0,009160884;36,37414117;0,183217684;727,4828233
1;9A;3,119436885;0,000764262;1,690693744;0,076426204;169,0693744
2;9A;1,718873385;0,000232048;0,387695083;0,023204791;38,76950832
3;9A;6,429859701;0,003247079;10,09877152;0,064941583;201,9754304
4;9A;2,196338215;0,000378868;0,710462919;0,037886834;71,04629191
5;9A;3,533239737;0,000980474;2,300055911;0,098047403;230,0055911
6;9A;2,673803044;0,000561499;1,155152783;0,056149864;115,5152783
7;9A;1,14591559;0,000103132;0,142353711;0,01031324;14,23537106
8;9A;3,087605896;0,000748744;1,648383536;0,074874443;164,8383536
9;9A;1,273239545;0,000127324;0,18468667;0,012732395;18,46866702
10;9A;1,082253613;9,19916E-05;0,123603201;0,009199156;12,36032006
11;9A;2,355493158;0,000435766;0,844533521;0,043576623;84,4533521
12;9A;2,100845249;0,000346639;0,636558582;0,034663947;63,65585817
13;9A;5,570423008;0,00243706;7,084224752;0,048741201;141,684495
14;9A;3,978873577;0,001243398;3,084678844;0,124339799;308,4678844
15;9A;1,114084602;9,74824E-05;0,132781463;0,00974824;13,27814633
16;9A;14,29211389;0,016042898;72,68520528;0,320857957;1453,704106
17;9A;2,99211293;0,000703147;1,525261257;0,070314654;152,5261257
18;9A;2,514648101;0,000496643;0,992617335;0,0496643;99,26173347
19;9A;19,13042416;0,028743462;149,3977762;0,574869246;2987,955524
20;9A;1,909859317;0,000286479;0,502987338;0,02864789;50,2987338
21;9A;2,164507226;0,000367966;0,685290697;0,036796623;68,52906967
22;9A;1,878028328;0,000277009;0,482525904;0,027700918;48,25259045
23;9A;2,99211293;0,000703147;1,525261257;0,070314654;152,5261257
24;9A;3,278591828;0,000844237;1,911904058;0,08442374;191,1904058
25;9A;1,368732511;0,000147139;0,220823794;0,014713874;22,08237936
26;9A;1,432394488;0,000161144;0,247077634;0,016114438;24,70776342
27;9A;2,832957987;0,000630333;1,332563824;0,063033315;133,2563824
28;9A;1,336901522;0,000140375;0,208350386;0,014037466;20,8350386
29;9A;1,114084602;9,74824E-05;0,132781463;0,00974824;13,27814633
30;9A;1,273239545;0,000127324;0,18468667;0,012732395;18,46866702
31;9A;3,119436885;0,000764262;1,690693744;0,076426204;169,0693744
32;9A;5,220282133;0,002140316;6,034266147;0,042806313;120,6853229
33;9A;5,029296202;0,001986572;5,503347983;0,03973144;110,0669597
34;9A;2,960281942;0,000688266;1,485479554;0,068826555;148,5479554
35;9A;9,963099438;0,007796125;29,80131108;0,155922506;596,0262215
36;9A;6,652676621;0,003476024;10,98567599;0,069520471;219,7135197
37;9A;12,38225457;0,012041743;50,9930252;0,240834851;1019,860504
38;9A;1,464225476;0,000168386;0,260867463;0,016838593;26,08674631
39;9A;3,278591828;0,000844237;1,911904058;0,08442374;191,1904058
40;9A;8,75352187;0,006018046;21,64394388;0,120360926;432,8788776
41;9A;20,37183272;0,032594932;174,5082761;0,651898647;3490,165523
42;9A;7,448451337;0,004357344;14,52371427;0,087146881;290,4742855
43;9A;9,581127574;0,007209798;27,05721691;0,14419597;541,1443383
44;9A;3,21492985;0,00081177;1,821475891;0,081176979;182,1475891
45;9A;2,546479089;0,000509296;1,023954527;0,050929582;102,3954527
46;9A;7,130141451;0,003992879;13,03791562;0,079857584;260,7583124
47;9A;2,196338215;0,000378868;0,710462919;0,037886834;71,04629191
48;9A;1,273239545;0,000127324;0,18468667;0,012732395;18,46866702
49;9A;8,05324012;0,005093674;17,6139241;0,101873488;352,278482
50;9A;12,5732405;0,012416075;52,95862931;0,2483215;1059,172586
51;9A;1,464225476;0,000168386;0,260867463;0,016838593;26,08674631
52;9A;1,591549431;0,000198944;0,320553257;0,019894368;32,05532566
53;9A;3,819718634;0,001145916;2,788702408;0,114591559;278,8702408
54;9A;2,610141067;0,000535079;1,088376966;0,053507892;108,8376966
55;9A;2,06901426;0,000336215;0,612991168;0,033621482;61,29911676
56;9A;1,464225476;0,000168386;0,260867463;0,016838593;26,08674631
57;9A;4,456338407;0,001559718;4,081574133;0,155971844;408,1574133
58;9A;22,40901599;0,039439868;220,8499745;0,788797363;4416,99949
59;9A;2,06901426;0,000336215;0,612991168;0,033621482;61,29911676
60;9A;2,737465021;0,000588555;1,224308841;0,058855498;122,4308841
61;9A;2,228169203;0,00038993;0,73617755;0,038992961;73,61775504
62;9A;1,368732511;0,000147139;0,220823794;0,014713874;22,08237936
63;9A;1,782535363;0,000249555;0,424148492;0,024955495;42,41484922
64;9A;1,114084602;9,74824E-05;0,132781463;0,00974824;13,27814633
48II;9A;1,018591636;8,14873E-05;0,106407174;0,008148733;10,6407174
1;9B;5,8;0,002642079;7,827682831;0,052841588;156,5536566
2;9B;9,9;0,007697687;29,33710221;0,153953748;586,7420443
3;9B;8,2;0,005281017;18,4177544;0,105620345;368,355088
4;9B;7;0,003848451;12,45775843;0,07696902;249,1551685
5;9B;11,5;0,010386891;42,48024489;0,207737814;849,6048977
6;9B;19,2;0,028952918;150,7439824;0,579058358;3014,879647
7;9B;17,7;0,024605739;123,2947514;0,492114781;2465,895028
8;9B;6;0,002827433;8,511662362;0,056548668;170,2332472
9;9B;7,2;0,004071504;13,3558412;0,081430082;267,1168241
10;9B;16,4;0,021124069;102,1131789;0,42248138;2042,263579
11;9B;5,2;0,002123717;5,976499813;0,042474333;119,5299963
12;9B;8,2;0,005281017;18,4177544;0,105620345;368,355088
13;9B;31,5;0,077931133;512,30433;1,558622655;10246,0866
14;9B;8,2;0,005281017;18,4177544;0,105620345;368,355088
15;9B;17;0,022698007;111,5942796;0,453960138;2231,885592
16;9B;7,2;0,004071504;13,3558412;0,081430082;267,1168241
17;9B;11,2;0,009852035;39,79425533;0,197040691;795,8851066
18;9B;16,3;0,020867244;100,5815256;0,417344876;2011,630512
19;9B;8,7;0,005944679;21,31840563;0,118893574;426,3681126
20;9B;37,4;0,109858354;783,0119267;2,19716707;15660,23853
21;9B;8;0,005026548;17,32758373;0,100530965;346,5516745
22;9B;9,5;0,007088218;26,49461889;0,141764368;529,8923778
23;9B;5;0,001963495;5,424472713;0,039269908;108,4894543
24;9B;9,7;0,007389811;27,89430874;0,147796226;557,8861749
25;9B;8,3;0,005410608;18,97774533;0,108212159;379,5549066
26;9B;8,9;0,006221139;22,54993813;0,124422777;450,9987625
27;9B;5;0,001963495;5,424472713;0,039269908;108,4894543
28;9B;8,8;0,006082123;21,92902542;0,121642468;438,5805084
29;9B;19,6;0,030171856;158,6234533;0,603437117;3172,469066
30;9B;17,4;0,023778715;118,1952002;0,475574296;2363,904004
31;9B;6,2;0,003019071;9,230017255;0,060381411;184,6003451
32;9B;10,4;0,008494867;33,13538565;0,169897331;662,707713
33;9B;21,9;0,037668481;208,6604098;0,753369626;4173,208195
34;9B;8,4;0,005541769;19,54774945;0,110835389;390,9549891
35;9B;6,6;0,003421194;10,77198433;0,068423888;215,4396865
36;9B;8,4;0,005541769;19,54774945;0,110835389;390,9549891
37;9B;15,5;0,018869191;88,8203079;0,377383818;1776,406158
38;9B;8,6;0,005808805;20,71802349;0,116176096;414,3604698
39;9B;7,2;0,004071504;13,3558412;0,081430082;267,1168241
40;9B;11,2;0,009852035;39,79425533;0,197040691;795,8851066
41;9B;5,8;0,002642079;7,827682831;0,052841588;156,5536566
42;9B;7,9;0,00490167;16,79728886;0,098033399;335,9457772
43;9B;20,7;0,033653526;181,5370909;0,673070518;3630,741819
44;9B;12,3;0,011882289;50,16007515;0,237645776;1003,201503
45;9B;16,7;0,021903969;106,7910971;0,438079388;2135,821943
46;9B;23,3;0,042638481;243,1863134;0,852769618;4863,726267
47;9B;12,7;0,012667687;54,28772504;0,25335374;1085,754501
48;9B;10,5;0,008659015;33,92824583;0,173180295;678,5649165
49;9B;7,3;0,004185387;13,81889877;0,083707736;276,3779754
50;9B;10;0,007853982;30,07479309;0,157079633;601,4958618
51;9B;11,4;0,010207035;41,5733035;0,204140691;831,46607
52;9B;22,6;0,040114997;225,5301461;0,802299932;4510,602922
53;9B;9,6;0,007238229;27,18910206;0,144764589;543,7820413
54;9B;9,3;0,006792909;25,13761174;0,135858174;502,7522347
55;9B;33,7;0,089196884;605,307609;1,78393768;12106,15218
56;9B;10,5;0,008659015;33,92824583;0,173180295;678,5649165
57;9B;7;0,003848451;12,45775843;0,07696902;249,1551685
58;9B;20,3;0,032365473;172,9917364;0,647309458;3459,834727
59;9B;5,4;0,002290221;6,560661469;0,045804421;131,2132294
